object,Sample.Label,size,distance,Effort
256,1,1,3,20
257,1,1,4,20
258,1,1,4.1,20
259,1,1,4,20
260,1,1,3.1,20
261,2,1,1,20
262,5,1,4.5,20
263,5,1,4.8,20
264,5,1,0.6,20
265,5,1,0,20
266,7,1,0.3,20
267,7,1,1.6,20
268,9,1,1.3,20
270,32,1,4.1,20
271,32,1,3.6,20
273,36,1,0.4,20
274,36,1,3,20
275,36,1,2.7,20
276,36,1,2,20
277,36,1,1.9,20
564,98,1,1,20
565,98,1,0.3,20
566,98,1,0.2,20
567,98,1,1.6,20
583,123,1,3.4,20
584,123,1,3.6,20
585,123,1,4.8,20
586,123,1,5,20
587,123,1,5.8,20
588,123,1,5.5,20
589,138,1,0.5,20
590,138,1,0.7,20
591,138,1,1,20
592,138,1,1.8,20
593,138,1,0.4,20
594,138,1,0.2,20
639,155,1,0.9,20
1035,168,1,1.5,20
1037,170,1,2.3,20
1038,170,1,4.4,20
1043,171,1,4.5,20
1044,171,1,0.5,20
1457,245,1,0.3,20
1458,269,1,1.5,20
1459,269,1,2.6,20
1460,269,1,2.5,20
1461,270,1,2,20
1462,270,1,1.2,20
1463,270,1,2.2,20
1464,270,1,1.1,20
1465,270,1,2.1,20
1466,270,1,1.3,20
1860,291,1,3.1,20
1861,291,1,3.9,20
1862,291,1,3.3,20
1863,291,1,3.9,20
1866,304,1,0.9,20
1867,304,1,2.6,20
1868,305,1,0.6,20
1870,309,1,2,20
1871,309,1,0.7,20
1873,315,1,1.6,20
1874,318,1,1.7,20
1875,318,1,1.1,20
1876,318,1,1.2,20
1877,318,1,0.3,20
1879,335,1,0.7,20
1880,335,1,0.2,20
1881,337,1,0.9,20
1883,337,1,0.1,20
1884,337,1,0,20
1885,337,1,1.4,20
1886,337,1,0.4,20
1887,337,1,0.3,20
2203,351,1,2.9,20
2204,351,1,4,20
2205,351,1,4,20
2206,353,1,1.1,20
2207,353,1,5,20
2208,353,1,5.4,20
2517,376,1,0.2,20
2518,376,1,1.5,20
2519,376,1,1.2,20
2520,376,1,0.7,20
2521,376,1,0.3,20
2522,376,1,0.4,20
2523,396,1,0.5,20
2642,399,1,0.4,20
2643,400,1,0.4,20
2644,400,1,1.5,20
2645,400,1,2.2,20
2646,400,1,2.5,20
2647,400,1,2,20
2648,400,1,1.4,20
2649,400,1,1.5,20
2650,400,1,3.4,20
2651,400,1,3.5,20
2652,400,1,3.3,20
2653,400,1,2.5,20
2654,401,1,3.8,20
2655,403,1,0.2,20
2656,404,1,0.3,20
2657,404,1,0.1,20
2658,404,1,0.9,20
2659,404,1,0.4,20
2660,404,1,1.1,20
2661,404,1,1.2,20
2662,404,1,1.5,20
2663,404,1,1.3,20
2664,423,1,5.5,20
2665,423,1,5.8,20
2666,423,1,6,20
2667,423,1,5,20
2797,480,1,0.2,20
3051,488,1,1.4,20
3052,488,1,1.4,20
3053,488,1,0.5,20
3054,488,1,1.6,20
3055,489,1,0.2,20
3056,489,1,1.4,20
3057,490,1,1.2,20
3058,490,1,2.3,20
3059,490,1,2.2,20
3060,490,1,2.4,20
3061,492,1,0.7,20
3062,496,1,0.5,20
3064,496,1,6,20
3065,498,1,2.1,20
3066,498,1,3.2,20
3067,498,1,4.4,20
3068,498,1,4.2,20
3069,498,1,5.7,20
3070,498,1,6,20
3071,498,1,0.9,20
3072,498,1,0.9,20
3073,498,1,5,20
3074,498,1,4.2,20
3075,498,1,3.9,20
3076,500,1,2.1,20
3077,500,1,2.2,20
3078,500,1,3.4,20
3079,500,1,1.2,20
3080,500,1,2,20
3081,500,1,0.5,20
3082,500,1,4.4,20
3083,500,1,2.6,20
3084,500,1,2.6,20
3085,501,1,4.3,20
3086,501,1,1.3,20
3087,501,1,0.4,20
3088,501,1,0.3,20
3089,501,1,0.5,20
3090,501,1,2.5,20
3091,501,1,1,20
3092,501,1,2.5,20
3093,501,1,1.4,20
3094,501,1,0.9,20
3095,501,1,1.7,20
3096,501,1,2.6,20
3097,501,1,0.6,20
3099,503,1,0.8,20
3101,503,1,1.8,20
3102,503,1,2.1,20
3103,503,1,1.4,20
3104,508,1,0.3,20
3107,535,1,1.1,20
2933,773,1,0.2,20
2934,774,1,0,20
2935,774,1,0.6,20
2936,774,1,1.4,20
2937,774,1,1.2,20
2938,780,1,1.7,20
2939,782,1,1.5,20
2940,782,1,0.3,20
2941,783,1,0,20
2942,783,1,1,20
2943,783,1,0.3,20
2944,783,1,1.6,20
2945,783,1,2.4,20
2946,783,1,3.1,20
2947,784,1,4,20
2948,784,1,4.5,20
2949,784,1,4,20
2950,784,1,2.5,20
2951,784,1,1.6,20
2952,784,1,1.5,20
2953,784,1,1.2,20
2954,784,1,0,20
2955,784,1,0.7,20
2956,784,1,1.3,20
2957,784,1,0.6,20
2958,784,1,1.2,20
2959,784,1,0.5,20
2960,784,1,0.6,20
2961,784,1,1.5,20
2962,784,1,1.5,20
2963,786,1,1.2,20
2964,786,1,1.3,20
2965,786,1,0.2,20
2966,786,1,2.5,20
2967,786,1,5,20
2968,786,1,5,20
2969,786,1,5,20
2970,786,1,5,20
2971,786,1,5,20
2972,788,1,0.3,20
2973,793,1,2.7,20
2974,793,1,5,20
2975,793,1,6,20
2976,793,1,4.5,20
2977,793,1,2.8,20
2978,793,1,5,20
2979,793,1,4.2,20
2980,793,1,3,20
2981,793,1,3.5,20
2982,793,1,1.1,20
2983,793,1,2.3,20
2984,793,1,3.3,20
2985,793,1,1.5,20
2986,793,1,0.6,20
2987,793,1,1.3,20
2988,793,1,2.7,20
2989,793,1,1.1,20
2991,793,1,1.2,20
2990,794,1,0.4,20
2992,794,1,0.7,20
2993,794,1,0.5,20
2994,794,1,0.5,20
2995,794,1,1.5,20
2996,794,1,2.5,20
2997,794,1,2.3,20
2998,794,1,1.2,20
2999,794,1,2.3,20
3000,794,1,3.4,20
3002,810,1,1.4,20
3003,810,1,2.3,20
3004,810,1,0.6,20
3006,812,1,0.2,20
3007,812,1,0.4,20
3008,812,1,1,20
3009,812,1,0.8,20
380,817,1,5,20
381,817,1,2.1,20
382,817,1,0.4,20
383,817,1,1.2,20
384,817,1,1.1,20
385,817,1,2.3,20
388,817,1,0.7,20
389,817,1,0.8,20
386,818,1,1.6,20
390,818,1,0.2,20
391,818,1,1.1,20
392,818,1,0.2,20
393,818,1,0.5,20
394,818,1,1.6,20
395,818,1,1.3,20
396,818,1,0.7,20
397,818,1,2,20
398,818,1,2.7,20
399,818,1,1.5,20
400,818,1,3.1,20
401,818,1,0.6,20
402,818,1,0.4,20
403,819,1,3,20
404,819,1,3.2,20
405,819,1,3.1,20
406,819,1,3,20
408,821,1,0.3,20
409,821,1,0.6,20
410,821,1,1.6,20
411,821,1,1.7,20
412,821,1,2,20
413,821,1,1.9,20
414,821,1,1.1,20
415,821,1,1.6,20
416,821,1,1.5,20
418,822,1,1.5,20
428,823,1,2.9,20
429,823,1,2.1,20
430,823,1,0.6,20
431,823,1,1,20
432,824,1,1.3,20
433,824,1,1.4,20
1,877,1,1.7,20
2,877,1,0.9,20
3,877,1,1.7,20
4,878,1,1.2,20
5,900,1,0.8,20
6,908,1,0.3,20
7,909,1,1,20
8,909,1,0,20
9,909,1,3.3,20
10,911,1,1.1,20
11,911,1,1.2,20
12,911,1,0.3,20
13,911,1,0,20
14,911,1,0.5,20
15,911,1,2.1,20
16,911,1,2,20
17,919,1,0.8,20
18,946,1,0.5,20
20,949,1,6,20
21,949,1,9,20
22,949,1,10,20
23,949,1,7.5,20
24,949,1,10,20
25,949,1,6,20
26,949,1,6,20
27,950,1,3.7,20
28,950,1,0,20
29,950,1,0.8,20
30,950,1,0,20
31,950,1,0,20
32,950,1,1,20
33,950,1,0,20
34,950,1,0.7,20
35,950,1,3.6,20
36,950,1,2.8,20
37,951,1,1.1,20
38,951,1,2.2,20
39,951,1,1.2,20
40,951,1,0.6,20
41,951,1,5,20
46,971,1,6,20
47,979,1,1.5,20
51,992,1,4,20
52,992,1,1,20
53,992,1,2.6,20
55,992,1,2.8,20
56,992,1,2.2,20
57,992,1,2.1,20
58,992,1,0.3,20
59,992,1,0.3,20
60,992,1,0.6,20
61,992,1,0.5,20
62,992,1,2.9,20
64,993,1,0.7,20
65,993,1,1,20
66,993,1,0.2,20
67,994,1,1.5,20
68,994,1,0.9,20
69,994,1,0.6,20
70,994,1,1,20
71,994,1,1.7,20
72,994,1,0.3,20
73,994,1,5,20
74,994,1,5.2,20
75,994,1,5.5,20
76,994,1,0.6,20
77,994,1,1.8,20
78,995,1,2.2,20
79,995,1,2.5,20
80,995,1,3.2,20
81,1008,1,5,20
82,1008,1,4.8,20
83,1008,1,3.4,20
84,1009,1,3,20
85,1009,1,2.7,20
86,1030,1,0.4,20
87,1034,1,0.9,20
88,1034,1,1.1,20
89,1034,1,0,20
90,1034,1,1.1,20
91,1034,1,1.2,20
92,1036,1,1,20
93,1036,1,0.5,20
94,1036,1,3.5,20
95,1036,1,4.8,20
96,1036,1,5,20
97,1038,1,0.9,20
98,1040,1,0.5,20
99,1043,1,2,20
100,1043,1,2.8,20
101,1043,1,3.2,20
102,1043,1,2.3,20
103,1044,1,2.1,20
104,1044,1,1.2,20
105,1045,1,1.1,20
106,1045,1,0.9,20
107,1046,1,1.1,20
108,1046,1,0.7,20
109,1046,1,0.6,20
110,1046,1,0.8,20
111,1046,1,1.2,20
113,1046,1,1.4,20
114,1046,1,1.5,20
115,1046,1,2.5,20
116,1046,1,1.8,20
117,1060,1,2,20
118,1060,1,0.9,20
119,1075,1,0.5,20
120,1077,1,0.9,20
121,1077,1,0.4,20
122,1090,1,1.1,20
123,1090,1,1.1,20
124,1100,1,2,20
125,1121,1,0.1,20
126,1122,1,1.5,20
127,1126,1,0.5,20
128,1127,1,1.2,20
129,1131,1,0.5,20
130,1131,1,0.4,20
131,1133,1,4,20
132,1133,1,2.3,20
133,1133,1,3.8,20
134,1133,1,2.9,20
135,1133,1,1.7,20
136,1133,1,1,20
137,1134,1,0.1,20
138,1136,1,1.6,20
139,1139,1,5,20
140,1139,1,4.2,20
141,1139,1,1.7,20
143,1139,1,1,20
144,1139,1,1.4,20
145,1140,1,0.9,20
146,1141,1,1.6,20
147,1143,1,1.4,20
148,1152,1,1.4,20
149,1152,1,0.8,20
150,1152,1,1.1,20
151,1152,1,1.3,20
152,1152,1,1.4,20
153,1152,1,2.1,20
154,1152,1,2.1,20
155,1158,1,2.3,20
156,1158,1,1.5,20
157,1158,1,0,20
158,1158,1,2.2,20
159,1158,1,2,20
160,1158,1,0.3,20
161,1158,1,2.3,20
162,1158,1,3.3,20
165,1162,1,1.6,20
166,1162,1,2.5,20
167,1162,1,1.8,20
168,1163,1,0.4,20
169,1194,1,0.8,20
170,1209,1,1.2,20
171,1209,1,3,20
172,1209,1,2.1,20
173,1212,1,0,20
174,1229,1,7,20
175,1254,1,0.3,20
177,1260,1,1.3,20
178,1260,1,1.8,20
179,1288,1,1,20
180,1336,1,0.5,20
181,1337,1,2.7,20
182,1337,1,1.3,20
183,1340,1,0.6,20
184,1340,1,1.4,20
185,1341,1,3.2,20
186,1341,1,4,20
187,1341,1,4.1,20
188,1341,1,1.5,20
190,1342,1,1.8,20
191,1342,1,2.8,20
192,1342,1,3.3,20
193,1342,1,3,20
194,1342,1,3,20
195,1342,1,1.6,20
196,1342,1,1.5,20
197,1343,1,0.3,20
198,1343,1,0.3,20
199,1343,1,0.3,20
200,1344,1,1.4,20
201,1344,1,0.8,20
202,1344,1,0.1,20
203,1345,1,1.5,20
204,1350,1,1.3,20
205,1350,1,4.8,20
206,1350,1,4.5,20
207,1350,1,4.3,20
208,1350,1,3.7,20
209,1350,1,2.2,20
210,1350,1,0,20
211,1351,1,0.1,20
212,1352,1,1.5,20
213,1355,1,1.7,20
214,1356,1,0.1,20
215,1356,1,0.6,20
216,1358,1,1,20
217,1361,1,1.4,20
218,1370,1,2,20
219,1383,1,5,20
220,1383,1,4.1,20
221,1383,1,6,20
223,1460,1,0.3,20
224,1461,1,1.5,20
237,1479,1,1.7,20
238,1479,1,2.4,20
239,1479,1,2.7,20
240,1488,1,0.7,20
241,1494,1,2.5,20
242,1494,1,4.5,20
243,1497,1,2.3,20
244,1501,1,0.9,20
245,1503,1,5,20
246,1506,1,0,20
247,1507,1,1,20
249,1508,1,0,20
250,1508,1,0.3,20
251,1508,1,0.4,20
252,1508,1,0,20
253,1508,1,0.2,20
255,1508,1,1.2,20
291,1651,1,1.2,20
292,1652,1,0,20
294,1816,1,3.9,20
295,1816,1,3.8,20
296,1817,1,1.2,20
293,1818,1,4.4,20
297,1832,1,3.7,20
298,1832,1,3.6,20
302,1849,1,0.9,20
303,1849,1,1.1,20
304,1852,1,0.1,20
307,1908,1,2.4,20
308,1915,1,3,20
309,1915,1,0.6,20
310,1919,1,0.4,20
311,1920,1,1.5,20
312,1946,1,1.2,20
313,1953,1,1.2,20
314,1953,1,0.7,20
315,1953,1,0.3,20
316,1953,1,1.1,20
317,1953,1,2.8,20
318,1962,1,1,20
319,1964,1,2.1,20
320,1964,1,2.5,20
322,1997,1,1.2,20
323,1997,1,0.3,20
324,1997,1,1.5,20
325,1997,1,2.5,20
326,2002,1,0.1,20
327,2002,1,0.5,20
328,2002,1,0.9,20
331,2011,1,2.2,20
332,2011,1,1.1,20
333,2017,1,1.9,20
334,2018,1,1.1,20
335,2018,1,1.4,20
336,2018,1,1,20
337,2018,1,2,20
338,2040,1,0.7,20
339,2040,1,1.4,20
340,2040,1,1.9,20
342,2053,1,0.5,20
343,2053,1,0.3,20
344,2053,1,2.2,20
345,2053,1,1.3,20
346,2054,1,0.7,20
347,2054,1,0.5,20
348,2054,1,3.5,20
349,2054,1,3.2,20
350,2055,1,0.5,20
351,2056,1,1,20
352,2056,1,0.9,20
353,2057,1,0.4,20
354,2057,1,1.9,20
358,2065,1,1.2,20
359,2067,1,0.5,20
360,2067,1,2.4,20
365,2082,1,0.6,20
366,2082,1,0.5,20
367,2084,1,1.2,20
368,2084,1,1.1,20
369,2084,1,1,20
370,2084,1,0.7,20
371,2084,1,1.8,20
372,2088,1,0.3,20
373,2093,1,1.4,20
374,2093,1,0.8,20
375,2094,1,0.5,20
376,2126,1,2,20
377,2129,1,1.3,20
435,2267,1,0.7,20
446,2313,1,0.5,20
447,2314,1,1,20
448,2314,1,0.8,20
449,2314,1,1.1,20
450,2314,1,0.2,20
451,2314,1,0.2,20
452,2314,1,0.6,20
453,2314,1,1.4,20
454,2314,1,1.8,20
455,2316,1,1.9,20
456,2316,1,3.2,20
457,2322,1,5,20
458,2322,1,5,20
459,2322,1,5,20
460,2322,1,4.2,20
461,2322,1,4,20
463,2335,1,0.8,20
464,2336,1,0.7,20
465,2336,1,0.8,20
466,2336,1,1.1,20
467,2336,1,1.3,20
468,2336,1,0.4,20
469,2336,1,0.3,20
470,2336,1,0,20
471,2336,1,0.1,20
472,2336,1,0.2,20
473,2336,1,0.4,20
474,2336,1,0.7,20
475,2336,1,0.9,20
476,2350,1,0.6,20
477,2353,1,1.3,20
478,2353,1,2.2,20
479,2353,1,6,20
480,2353,1,5,20
481,2353,1,5.5,20
482,2353,1,5,20
483,2353,1,1.7,20
484,2353,1,2.2,20
485,2353,1,3.8,20
488,2358,1,4,20
489,2358,1,5,20
490,2358,1,4.8,20
491,2358,1,4.8,20
493,2359,1,5,20
494,2359,1,9,20
495,2359,1,6,20
496,2359,1,5.5,20
497,2359,1,6,20
498,2359,1,3.2,20
499,2359,1,1.2,20
500,2360,1,1.4,20
501,2360,1,1.8,20
502,2360,1,2.2,20
503,2360,1,3,20
504,2360,1,2.5,20
505,2360,1,1.6,20
506,2360,1,2,20
507,2360,1,2.1,20
508,2361,1,1.2,20
509,2361,1,1.5,20
510,2362,1,0.7,20
511,2362,1,0.3,20
512,2362,1,1.1,20
513,2362,1,0.4,20
514,2362,1,0.9,20
515,2362,1,2.3,20
516,2362,1,0.7,20
518,2373,1,2.1,20
519,2373,1,2.8,20
520,2373,1,3.2,20
521,2373,1,4.8,20
522,2373,1,4,20
523,2373,1,4.3,20
524,2373,1,3.9,20
525,2373,1,2,20
526,2377,1,2,20
527,2377,1,2.8,20
528,2378,1,0.8,20
529,2378,1,1.8,20
530,2397,1,1.9,20
531,2397,1,2.3,20
532,2397,1,3.2,20
533,2397,1,3.1,20
535,2410,1,3.9,20
536,2434,1,1,20
538,2450,1,1.1,20
539,2450,1,1.3,20
540,2450,1,1.6,20
541,2451,1,0.5,20
542,2451,1,0.9,20
543,2453,1,3.9,20
544,2453,1,4.5,20
545,2454,1,2.3,20
546,2455,1,0.5,20
547,2455,1,1.4,20
548,2455,1,1,20
549,2455,1,1.2,20
551,2457,1,2.2,20
552,2457,1,2.4,20
553,2458,1,0.1,20
554,2458,1,0.8,20
555,2466,1,1.5,20
556,2466,1,1.9,20
561,2495,1,3,20
562,2513,1,2,20
563,2513,1,0.9,20
595,2587,1,0.3,20
596,2588,1,1.7,20
597,2588,1,1.8,20
598,2589,1,1.2,20
599,2592,1,5,20
600,2592,1,7,20
601,2592,1,7,20
602,2592,1,9,20
603,2592,1,9,20
604,2593,1,3.6,20
605,2594,1,2.7,20
606,2602,1,3.7,20
607,2602,1,1.7,20
608,2602,1,1.1,20
609,2613,1,4.7,20
610,2613,1,1.2,20
611,2613,1,2.5,20
612,2613,1,2.7,20
614,2613,1,2.2,20
615,2613,1,0.5,20
616,2613,1,0.5,20
617,2613,1,0.6,20
618,2613,1,1.5,20
619,2613,1,10,20
620,2613,1,8.5,20
621,2656,1,0.3,20
622,2656,1,0.4,20
623,2656,1,0.6,20
624,2656,1,2.4,20
625,2657,1,4.2,20
626,2657,1,1.9,20
627,2657,1,3.6,20
628,2657,1,5.2,20
629,2669,1,1.6,20
630,2716,1,0.4,20
631,2716,1,0.3,20
632,2716,1,2.3,20
633,2731,1,0,20
634,2731,1,0.4,20
635,2731,1,2.5,20
640,2864,1,2.1,20
641,2864,1,3.1,20
642,2868,1,0.7,20
643,2875,1,0.6,20
644,2879,1,0.3,20
645,2879,1,0.9,20
646,2886,1,1.5,20
647,2886,1,1.7,20
648,2886,1,1.9,20
649,2888,1,3.8,20
651,2888,1,2.4,20
652,2888,1,0.6,20
653,2888,1,2.5,20
654,2888,1,3.2,20
655,2889,1,3.2,20
656,2889,1,2.9,20
658,2891,1,0.2,20
659,2891,1,1.9,20
660,2891,1,1.5,20
661,2891,1,0.3,20
662,2891,1,0.3,20
663,2891,1,0.6,20
664,2891,1,2.5,20
665,2891,1,1.1,20
666,2891,1,0.2,20
667,2891,1,0.4,20
668,2896,1,2.9,20
669,2896,1,2.8,20
670,2896,1,3.9,20
671,2896,1,0.8,20
672,2896,1,2.5,20
673,2897,1,2.5,20
674,2897,1,1.7,20
675,2903,1,0.6,20
676,2903,1,1.4,20
677,2903,1,1.8,20
678,2903,1,2.4,20
679,2904,1,2.3,20
680,2904,1,1,20
681,2904,1,0.4,20
682,2904,1,0.3,20
687,2904,1,0.4,20
688,2904,1,1.1,20
690,2904,1,1,20
692,2915,1,0.1,20
693,2923,1,0.2,20
694,2923,1,0.5,20
695,2923,1,0.6,20
696,2923,1,0.5,20
697,2923,1,1.4,20
698,2923,1,2.5,20
699,2923,1,2.2,20
700,2923,1,3.5,20
701,2923,1,1.8,20
702,2923,1,1.5,20
703,2923,1,1.6,20
704,2923,1,1.7,20
705,2924,1,0.7,20
706,2925,1,1,20
707,2925,1,1.1,20
708,2925,1,3.6,20
709,2925,1,3.1,20
710,2925,1,1.4,20
711,2925,1,7.7,20
712,2925,1,0.3,20
713,2925,1,0.4,20
714,2927,1,1.6,20
715,2927,1,2.6,20
716,2927,1,1.9,20
717,2929,1,1.8,20
718,2929,1,2.3,20
719,2929,1,3.6,20
720,2929,1,3.7,20
721,2929,1,1.3,20
722,2940,1,0.1,20
726,2940,1,0.4,20
727,2940,1,0.1,20
728,2940,1,1.1,20
729,2941,1,1.3,20
730,2943,1,2.5,20
731,2944,1,3.7,20
732,2944,1,4.7,20
733,2945,1,2.1,20
734,2945,1,3.6,20
735,2945,1,3.1,20
736,2945,1,3,20
737,2945,1,2.3,20
738,2945,1,4.9,20
739,2945,1,4.2,20
740,2989,1,36,20
741,2990,1,0.3,20
742,2992,1,2.3,20
743,2992,1,2.9,20
744,2992,1,3.2,20
745,2992,1,3.5,20
746,2992,1,3.6,20
747,2992,1,2.4,20
748,2995,1,0.4,20
749,2995,1,1.2,20
750,2995,1,0.5,20
751,2995,1,1.3,20
752,2995,1,2.4,20
753,2996,1,3.6,20
754,2996,1,4.2,20
755,3011,1,0.2,20
756,3011,1,0.8,20
757,3022,1,1.8,20
758,3022,1,1.1,20
759,3022,1,1.6,20
760,3022,1,2.5,20
761,3022,1,3.1,20
762,3022,1,3.1,20
763,3022,1,1.9,20
764,3022,1,3.6,20
766,3022,1,2.4,20
765,3023,1,3.6,20
767,3023,1,1.5,20
768,3023,1,2.6,20
769,3023,1,2.4,20
770,3023,1,0.1,20
771,3023,1,0.5,20
772,3023,1,1.9,20
773,3023,1,3.9,20
774,3023,1,2.2,20
775,3023,1,4.8,20
776,3025,1,1.2,20
777,3025,1,1,20
778,3025,1,0.1,20
779,3025,1,0.2,20
780,3025,1,0.2,20
781,3025,1,0.3,20
782,3026,1,0.2,20
783,3026,1,2.4,20
784,3040,1,1.3,20
785,3040,1,2,20
787,3040,1,4.9,20
788,3040,1,4.9,20
789,3040,1,4.8,20
790,3040,1,5.2,20
791,3054,1,0.7,20
792,3115,1,2.5,20
793,3115,1,3.5,20
794,3122,1,0.1,20
798,3129,1,4,20
799,3129,1,3.7,20
800,3129,1,3.5,20
804,3162,1,3.4,20
805,3163,1,1.5,20
806,3170,1,6,20
807,3170,1,5.9,20
808,3170,1,5.6,20
809,3170,1,5.5,20
810,3170,1,5.5,20
811,3171,1,1.5,20
812,3171,1,1.2,20
813,3171,1,1.2,20
815,3172,1,6.5,20
816,3172,1,6.5,20
817,3172,1,2.3,20
818,3172,1,1.9,20
819,3172,1,1.6,20
820,3172,1,1.8,20
821,3172,1,1.7,20
822,3172,1,1.9,20
823,3172,1,1.3,20
824,3172,1,0,20
825,3172,1,0.4,20
826,3172,1,0,20
827,3172,1,1.6,20
828,3172,1,2.2,20
829,3172,1,2.1,20
830,3172,1,2.4,20
831,3172,1,0.3,20
833,3173,1,1.6,20
834,3173,1,1.1,20
835,3173,1,1.2,20
836,3173,1,1.1,20
837,3173,1,1.1,20
838,3173,1,0.9,20
841,3175,1,2.2,20
842,3175,1,3.9,20
843,3175,1,4,20
844,3175,1,4.2,20
845,3175,1,4.8,20
846,3175,1,4.9,20
848,3175,1,4.6,20
849,3180,1,0.9,20
850,3181,1,1.7,20
851,3181,1,2.1,20
852,3181,1,2.6,20
853,3181,1,3.2,20
854,3181,1,2.5,20
855,3181,1,2.7,20
856,3181,1,1.9,20
857,3181,1,2.2,20
858,3181,1,2.2,20
859,3181,1,3,20
860,3181,1,3.5,20
861,3181,1,0.3,20
862,3181,1,2.4,20
867,3182,1,2.5,20
870,3183,1,0,20
872,3183,1,4.8,20
874,3184,1,5.8,20
876,3184,1,2.2,20
877,3184,1,2.5,20
880,3184,1,4.7,20
881,3184,1,5,20
878,3185,1,2.9,20
879,3185,1,3.5,20
882,3185,1,0,20
884,3185,1,5.2,20
885,3185,1,2.5,20
886,3185,1,2.5,20
887,3185,1,0,20
888,3185,1,0.6,20
889,3185,1,2.4,20
890,3185,1,2.4,20
891,3185,1,2.5,20
892,3185,1,2,20
893,3185,1,0.9,20
896,3186,1,0.6,20
900,3186,1,3.5,20
901,3186,1,2.4,20
902,3186,1,2.4,20
903,3186,1,2.2,20
904,3187,1,0.2,20
905,3187,1,0.2,20
906,3187,1,0.1,20
907,3187,1,0.1,20
908,3187,1,0.4,20
909,3187,1,0.6,20
910,3187,1,1.1,20
911,3188,1,0.1,20
912,3188,1,0.6,20
913,3188,1,0.9,20
914,3188,1,1.3,20
915,3188,1,1.4,20
916,3188,1,1.2,20
917,3188,1,3.3,20
918,3188,1,3.3,20
919,3188,1,1.5,20
920,3189,1,0.3,20
921,3189,1,3,20
922,3189,1,3.7,20
929,3200,1,9,20
930,3201,1,7,20
931,3201,1,6.8,20
932,3201,1,8,20
933,3205,1,2.7,20
934,3205,1,5.5,20
935,3205,1,5.5,20
936,3205,1,5.8,20
937,3205,1,5.6,20
938,3205,1,6.3,20
939,3205,1,6.2,20
940,3205,1,6,20
941,3205,1,5.2,20
942,3205,1,6.2,20
943,3205,1,4.6,20
944,3206,1,0.5,20
945,3206,1,1,20
946,3206,1,2.6,20
947,3206,1,3.4,20
948,3207,1,3.6,20
949,3207,1,2.5,20
950,3207,1,0.4,20
951,3207,1,1.2,20
952,3207,1,5,20
953,3207,1,5.8,20
954,3207,1,5.5,20
955,3207,1,3.4,20
956,3207,1,3.6,20
957,3209,1,2.1,20
958,3209,1,2.6,20
961,3209,1,3.3,20
974,3210,1,5,20
975,3210,1,3.2,20
976,3218,1,0.9,20
977,3218,1,0.3,20
978,3218,1,0.2,20
980,3219,1,0.1,20
981,3219,1,1.1,20
982,3219,1,0.5,20
983,3219,1,1.6,20
984,3219,1,1.1,20
985,3219,1,1.1,20
986,3219,1,2.2,20
988,3221,1,1.4,20
989,3221,1,1.4,20
990,3221,1,4.5,20
991,3221,1,4.5,20
992,3222,1,5.2,20
993,3222,1,5.3,20
994,3223,1,1.2,20
995,3223,1,1.2,20
996,3223,1,1.1,20
997,3223,1,1.6,20
999,3224,1,1,20
1000,3224,1,1.2,20
1002,3224,1,2.5,20
1003,3224,1,1,20
1004,3224,1,2.4,20
1005,3224,1,0.2,20
1006,3224,1,0.7,20
1008,3224,1,0.5,20
1009,3224,1,1.5,20
1010,3226,1,1,20
1011,3226,1,1.2,20
1012,3226,1,0,20
1013,3226,1,0.9,20
1015,3227,1,1.6,20
1020,3229,1,1.5,20
1021,3229,1,1.6,20
1022,3229,1,0.2,20
1023,3229,1,0.7,20
1024,3229,1,1.9,20
1025,3229,1,2.5,20
1026,3232,1,3.5,20
1027,3232,1,3.3,20
1028,3232,1,3.2,20
1029,3232,1,3.5,20
1030,3232,1,3.7,20
1031,3232,1,3.8,20
1032,3232,1,4.2,20
1033,3232,1,3.6,20
1034,3232,1,3.6,20
1046,3255,1,0,20
1047,3255,1,0.4,20
1048,3255,1,1.2,20
1049,3255,1,2.5,20
1050,3255,1,2.4,20
1051,3255,1,1.3,20
1052,3260,1,1.2,20
1054,3261,1,2.2,20
1055,3261,1,1.2,20
1056,3261,1,1,20
1057,3263,1,3.1,20
1058,3263,1,2.8,20
1059,3267,1,1,20
1060,3267,1,1.2,20
1061,3267,1,1.2,20
1062,3267,1,1.5,20
1063,3267,1,0.5,20
1064,3267,1,1,20
1065,3267,1,0.5,20
1066,3268,1,0.4,20
1067,3269,1,0.3,20
1068,3269,1,0.1,20
1069,3269,1,0.2,20
1070,3269,1,0.5,20
1071,3269,1,0.4,20
1072,3269,1,1.5,20
1075,3269,1,3.8,20
1076,3269,1,3.4,20
1077,3281,1,1.5,20
1078,3281,1,0.2,20
1079,3281,1,1.6,20
1080,3281,1,0.3,20
1081,3281,1,0.1,20
1083,3283,1,1.2,20
1084,3285,1,3.6,20
1085,3285,1,3.5,20
1086,3286,1,3,20
1087,3286,1,3.2,20
1088,3286,1,1.3,20
1089,3287,1,0.9,20
1090,3287,1,0.3,20
1091,3287,1,0.8,20
1092,3287,1,2,20
1093,3287,1,0.3,20
1094,3287,1,2.6,20
1095,3287,1,1.3,20
1096,3288,1,1.5,20
1097,3291,1,1,20
1098,3292,1,1.8,20
1101,3321,1,2.9,20
1102,3321,1,0.1,20
1103,3321,1,1.6,20
1104,3321,1,1.6,20
1105,3321,1,0.2,20
1106,3322,1,1,20
1107,3322,1,0.8,20
1108,3323,1,3.6,20
1109,3323,1,0.8,20
1110,3323,1,0.5,20
1111,3323,1,2.5,20
1112,3323,1,1.5,20
1113,3323,1,2.3,20
1114,3324,1,0.1,20
1115,3324,1,1.2,20
1116,3324,1,0.4,20
1117,3324,1,1,20
1118,3324,1,1.2,20
1119,3324,1,2.4,20
1122,3324,1,0,20
1123,3324,1,0.3,20
1124,3324,1,1.2,20
1125,3326,1,0.3,20
1126,3326,1,0.5,20
1144,3634,1,0.7,20
1145,3634,1,1,20
1142,3635,1,0,20
1143,3635,1,0.2,20
1146,3635,1,0.4,20
1147,3635,1,0,20
1148,3635,1,1.6,20
1150,3635,1,0.8,20
1151,3635,1,2.2,20
1152,3635,1,2.4,20
1153,3635,1,2,20
1154,3698,1,0.9,20
1155,3698,1,1.2,20
1156,3698,1,1.1,20
1157,3698,1,0,20
1158,3698,1,1.6,20
1159,3698,1,1.6,20
1160,3698,1,0.6,20
1161,3698,1,1.3,20
1162,3698,1,1.4,20
1163,3698,1,2.2,20
1164,3698,1,2,20
1165,3698,1,2.3,20
1166,3698,1,2.2,20
1167,3698,1,3.2,20
1168,3698,1,3.2,20
1174,3702,1,1.4,20
1175,3702,1,2.5,20
1179,3706,1,0,20
1180,3706,1,0.7,20
1181,3706,1,0.8,20
1182,3706,1,0.9,20
1183,3706,1,2.5,20
1184,3706,1,3.8,20
1185,3706,1,3.8,20
1186,3706,1,2.9,20
1187,3706,1,2.8,20
1188,3706,1,2.5,20
1189,3706,1,2.7,20
1190,3706,1,1.5,20
1191,3706,1,1.5,20
1192,3706,1,0.1,20
1193,3706,1,1.3,20
1194,3706,1,1.5,20
1195,3706,1,2,20
1196,3706,1,3.1,20
1198,3706,1,0,20
1199,3706,1,1.7,20
1200,3706,1,2.4,20
1202,3712,1,0,20
1203,3712,1,0.4,20
1204,3713,1,1.2,20
1206,3726,1,0.9,20
1207,3726,1,0.6,20
1208,3732,1,3.7,20
1209,3732,1,7.5,20
1210,3732,1,7.2,20
1211,3732,1,7,20
1212,3732,1,7.4,20
1213,3732,1,6.8,20
1214,3732,1,6.5,20
1215,3732,1,6.2,20
1216,3732,1,5,20
1217,3732,1,5,20
1218,3760,1,0.1,20
1220,3772,1,1.5,20
1223,3797,1,0.3,20
1225,3797,1,1.5,20
1226,3797,1,0.7,20
1227,3797,1,2.6,20
1228,3798,1,0.4,20
1229,3805,1,3.3,20
1230,3806,1,1.8,20
1231,3806,1,1.3,20
1232,3806,1,0.2,20
1233,3806,1,0.6,20
1234,3806,1,0.7,20
1235,3806,1,1.1,20
1236,3806,1,0.1,20
1240,3807,1,0.9,20
1241,3807,1,2.4,20
1242,3809,1,1.6,20
1243,3809,1,3.3,20
1244,3810,1,0.3,20
1245,3810,1,3.8,20
1246,3810,1,7,20
1247,3815,1,1.2,20
1248,3837,1,3,20
1249,3837,1,2.4,20
1250,3837,1,2.7,20
1251,3838,1,1.8,20
1252,3838,1,2.8,20
1253,3838,1,3.3,20
1256,3860,1,0.3,20
1257,3860,1,1.1,20
1258,3861,1,1.5,20
1259,3861,1,0.5,20
1260,3861,1,1.3,20
1261,3861,1,1,20
1264,3883,1,1.6,20
1265,3886,1,0.3,20
1266,3898,1,1.4,20
1267,3900,1,0.5,20
1268,3900,1,0.5,20
1269,3900,1,0,20
1270,3900,1,0.2,20
1271,3901,1,1.4,20
1272,3901,1,3.2,20
1273,3937,1,0.1,20
1274,3990,1,0.2,20
1275,3990,1,2,20
1276,3992,1,0.4,20
1277,3992,1,1.8,20
1278,3992,1,1.3,20
1279,3992,1,1.1,20
1280,3992,1,0.6,20
1281,3992,1,1.4,20
1282,3993,1,1.1,20
1283,3993,1,1.1,20
1284,3993,1,0.3,20
1287,3994,1,2.1,20
1288,3994,1,2.6,20
1289,3994,1,3.6,20
1290,3994,1,1.4,20
1291,3994,1,1,20
1292,3994,1,0.9,20
1293,3994,1,3.4,20
1294,3995,1,1.8,20
1295,3995,1,1.7,20
1296,3995,1,0.7,20
1297,3995,1,1.4,20
1298,4013,1,1.3,20
1300,4034,1,0.7,20
1303,4054,1,0.5,20
1304,4054,1,1.4,20
1305,4055,1,1.2,20
1306,4055,1,0.7,20
1307,4055,1,1.2,20
1308,4055,1,3.2,20
1309,4055,1,2.9,20
1310,4055,1,2.5,20
1311,4055,1,1.2,20
1315,4056,1,0.9,20
1316,4056,1,1.9,20
1317,4056,1,3,20
1318,4077,1,2,20
1320,4081,1,0.2,20
1323,4113,1,0.6,20
1324,4113,1,0.4,20
1325,4116,1,1.3,20
1326,4135,1,1.1,20
1327,4136,1,0.2,20
1328,4138,1,0.1,20
1330,4141,1,1,20
1331,4141,1,1.1,20
1332,4141,1,0.4,20
1333,4141,1,1.2,20
1334,4141,1,0.1,20
1335,4141,1,2.5,20
1337,4141,1,0.1,20
1338,4141,1,1.8,20
1339,4164,1,1,20
1340,4164,1,1.5,20
1341,4164,1,2.5,20
1342,4164,1,1.6,20
1343,4164,1,1.4,20
1344,4167,1,1.4,20
1345,4167,1,1.5,20
1346,4167,1,1.9,20
1347,4167,1,2.2,20
1348,4167,1,1.6,20
1349,4168,1,1.1,20
1350,4168,1,0.3,20
1351,4168,1,0.3,20
1352,4168,1,0.3,20
1353,4168,1,2.2,20
1354,4168,1,3.2,20
1355,4168,1,3,20
1356,4168,1,3.5,20
1358,4168,1,2.6,20
1359,4168,1,1.7,20
1360,4168,1,2.3,20
1361,4168,1,0.8,20
1362,4168,1,1.9,20
1363,4169,1,1.4,20
1364,4169,1,0.5,20
1365,4169,1,1.3,20
1366,4169,1,0.4,20
1367,4169,1,2.8,20
1368,4170,1,0.7,20
1369,4170,1,0.3,20
1370,4170,1,0.3,20
1372,4170,1,0.2,20
1374,4174,1,2.6,20
1375,4174,1,2.5,20
1376,4176,1,0.2,20
1377,4176,1,3.3,20
1378,4176,1,3.2,20
1379,4176,1,3.7,20
1380,4176,1,1.3,20
1381,4187,1,0.5,20
1382,4187,1,1,20
1383,4187,1,1,20
1384,4187,1,1.7,20
1385,4187,1,1.4,20
1386,4187,1,0.3,20
1387,4187,1,0.3,20
1388,4188,1,0.6,20
1389,4188,1,0.6,20
1390,4188,1,3.2,20
1391,4188,1,2.7,20
1392,4189,1,1.3,20
1393,4189,1,2.3,20
1394,4189,1,1.2,20
1395,4189,1,1.4,20
1396,4189,1,1.4,20
1397,4190,1,1.4,20
1398,4190,1,1.3,20
1399,4190,1,0.4,20
1400,4190,1,1.6,20
1401,4193,1,2.4,20
1402,4193,1,3.3,20
1403,4194,1,2.4,20
1404,4194,1,3.4,20
1405,4194,1,5,20
1406,4194,1,1.8,20
1407,4194,1,2.1,20
1408,4205,1,1.1,20
1409,4205,1,0.2,20
1410,4221,1,0.5,20
1411,4282,1,1,20
1412,4283,1,1.9,20
1413,4283,1,1.8,20
1414,4283,1,1.2,20
1415,4283,1,0.8,20
1416,4285,1,1.2,20
1418,4351,1,2.1,20
1419,4357,1,0.3,20
1420,4358,1,1.3,20
1421,4363,1,0.4,20
1422,4363,1,0.2,20
1423,4363,1,0.6,20
1424,4363,1,1.4,20
1425,4366,1,2.3,20
1426,4367,1,0,20
1427,4369,1,1.1,20
1428,4379,1,5,20
1429,4394,1,2.4,20
1430,4412,1,4.5,20
1431,4426,1,2.4,20
1432,4426,1,4.1,20
1433,4426,1,1.1,20
1434,4426,1,0,20
1435,4426,1,0.4,20
1436,4426,1,0.5,20
1437,4426,1,2.2,20
1438,4426,1,2.3,20
1439,4426,1,4.7,20
1440,4426,1,2.3,20
1441,4426,1,1.9,20
1442,4426,1,1.9,20
1443,4426,1,0.7,20
1444,4426,1,0.2,20
1445,4426,1,0.7,20
1446,4426,1,0.1,20
1447,4426,1,0.8,20
1448,4426,1,0.8,20
1449,4426,1,0.7,20
1450,4427,1,1,20
1451,4428,1,1.3,20
1452,4428,1,1.2,20
1453,4428,1,0.2,20
1454,4428,1,2,20
1455,4428,1,0.2,20
1456,4428,1,1.4,20
1468,4442,1,1,20
1469,4442,1,0.1,20
1470,4442,1,1.1,20
1471,4443,1,2,20
1472,4445,1,1.5,20
1473,4445,1,1.2,20
1476,4445,1,2.1,20
1474,4446,1,0.6,20
1475,4446,1,2.3,20
1477,4446,1,2.4,20
1478,4447,1,0.7,20
1479,4447,1,0.6,20
1480,4447,1,1.1,20
1481,4462,1,0.6,20
1482,4462,1,0.4,20
1483,4462,1,3.8,20
1484,4463,1,5.4,20
1485,4465,1,1,20
1486,4465,1,0.2,20
1487,4465,1,0.6,20
1488,4471,1,0,20
1489,4516,1,3.3,20
1490,4516,1,3.5,20
1491,4516,1,3.7,20
1492,4516,1,5.5,20
1493,4516,1,5.4,20
1494,4516,1,1.2,20
1495,4516,1,1.1,20
1496,4516,1,0.7,20
1497,4516,1,1.4,20
1516,4518,1,1,20
1517,4521,1,2.3,20
1518,4521,1,2.5,20
1519,4522,1,0,20
1520,4522,1,0.6,20
1521,4533,1,0.5,20
1522,4536,1,1.1,20
1523,4536,1,0.1,20
1524,4536,1,1.6,20
1525,4536,1,5.5,20
1526,4536,1,4.7,20
1527,4536,1,4.6,20
1528,4536,1,3.6,20
1529,4537,1,1.7,20
1531,4538,1,2.3,20
1532,4538,1,2.1,20
1534,4538,1,2,20
1535,4539,1,3,20
1536,4539,1,0.1,20
1537,4539,1,0,20
1538,4539,1,0.7,20
1539,4539,1,1.4,20
1540,4539,1,0.5,20
1541,4539,1,0.4,20
1542,4539,1,0.6,20
1543,4539,1,0.2,20
1544,4539,1,1.7,20
1545,4539,1,0.6,20
1546,4540,1,2.7,20
1547,4540,1,3.6,20
1548,4540,1,2.7,20
1549,4540,1,3.5,20
1550,4540,1,1.9,20
1551,4540,1,2.2,20
1552,4540,1,3.4,20
1553,4540,1,2.5,20
1554,4540,1,1.5,20
1555,4540,1,2.1,20
1556,4548,1,1,20
1557,4549,1,0.7,20
1558,4549,1,0.2,20
1559,4549,1,0.8,20
1560,4549,1,0.6,20
1561,4549,1,2,20
1562,4549,1,0.2,20
1563,4549,1,1.8,20
1564,4549,1,1.1,20
1565,4549,1,0.8,20
1567,4551,1,5,20
1568,4551,1,4,20
1571,4551,1,2.4,20
1572,4551,1,4.5,20
1573,4551,1,4.8,20
1574,4551,1,2.5,20
1575,4557,1,2.6,20
1576,4557,1,3.6,20
1577,4557,1,3.6,20
1578,4557,1,3.6,20
1579,4557,1,2.3,20
1580,4557,1,2.2,20
1581,4557,1,3,20
1582,4557,1,4.1,20
1583,4557,1,3.6,20
1584,4557,1,6,20
1586,4557,1,5,20
1587,4557,1,5.8,20
1588,4557,1,6.5,20
1589,4557,1,3.1,20
1590,4557,1,1.6,20
1591,4557,1,0.9,20
1592,4557,1,0.8,20
1593,4557,1,0.2,20
1594,4557,1,2.5,20
1595,4557,1,3,20
1596,4557,1,2.9,20
1598,4559,1,0.8,20
1599,4559,1,2.3,20
1600,4559,1,0.2,20
1601,4559,1,1,20
1602,4563,1,0.3,20
1604,4565,1,2.4,20
1606,4587,1,1,20
1607,4587,1,0.9,20
1608,4587,1,1.6,20
1609,4587,1,0.2,20
1610,4587,1,0.8,20
1611,4587,1,2.2,20
1612,4587,1,1.6,20
1613,4587,1,1.5,20
1614,4587,1,2.7,20
1615,4587,1,2.8,20
1616,4587,1,4,20
1617,4588,1,4.5,20
1618,4589,1,1,20
1619,4589,1,2.3,20
1621,4613,1,2.5,20
1620,4614,1,1,20
1622,4614,1,2.6,20
1623,4614,1,1,20
1625,4614,1,4.5,20
1626,4614,1,4,20
1627,4617,1,0,20
1628,4617,1,0,20
1629,4617,1,0.7,20
1631,4617,1,0.2,20
1632,4617,1,0.6,20
1635,4619,1,2.7,20
1638,4619,1,0.5,20
1639,4619,1,0.7,20
1640,4619,1,0.7,20
1641,4620,1,6,20
1645,4622,1,2.2,20
1646,4622,1,2.1,20
1647,4622,1,2.4,20
1648,4622,1,2.5,20
1649,4622,1,3.5,20
1651,4623,1,4.4,20
1655,4623,1,2,20
1656,4623,1,3.9,20
1659,4624,1,2.2,20
1660,4624,1,0.6,20
1661,4624,1,1.3,20
1662,4624,1,1.5,20
1663,4624,1,1.3,20
1664,4624,1,0.8,20
1665,4624,1,1.3,20
1666,4624,1,1.2,20
1667,4624,1,1.9,20
1668,4625,1,1.8,20
1669,4625,1,0.6,20
1670,4625,1,0.7,20
1671,4625,1,1.2,20
1672,4625,1,0.3,20
1673,4625,1,0,20
1674,4625,1,1.1,20
1675,4625,1,0.9,20
1676,4625,1,1.4,20
1677,4625,1,1.4,20
1678,4625,1,0.1,20
1679,4625,1,0.1,20
1680,4625,1,2.2,20
1681,4625,1,2.1,20
1684,4625,1,0.1,20
1685,4625,1,0.9,20
1686,4625,1,1.2,20
1687,4625,1,0.3,20
1688,4625,1,1.4,20
1689,4625,1,1.8,20
1690,4625,1,2.2,20
1691,4625,1,1.8,20
1692,4625,1,2.8,20
1693,4625,1,3.1,20
1694,4625,1,3.4,20
1696,4628,1,5,20
1697,4628,1,1,20
1698,4628,1,1.7,20
1699,4628,1,0.3,20
1700,4629,1,0.1,20
1701,4633,1,3.3,20
1702,4633,1,1.4,20
1703,4635,1,0.5,20
1704,4635,1,1.4,20
1705,4635,1,1.2,20
1706,4635,1,0.7,20
1707,4635,1,0.6,20
1708,4635,1,1.4,20
1709,4643,1,0.7,20
1710,4655,1,3,20
1711,4655,1,4,20
1712,4655,1,4.5,20
1713,4655,1,5,20
1714,4655,1,5.2,20
1715,4655,1,4.6,20
1716,4655,1,3.2,20
1717,4660,1,2,20
1718,4661,1,0.3,20
1719,4661,1,2.7,20
1720,4661,1,0.1,20
1721,4661,1,0.2,20
1722,4661,1,0.7,20
1723,4662,1,0,20
1724,4667,1,1.3,20
1725,4667,1,1,20
1726,4668,1,0.4,20
1727,4668,1,1.4,20
1728,4668,1,1.3,20
1729,4668,1,2,20
1730,4668,1,0.4,20
1731,4668,1,0.5,20
1732,4668,1,0.6,20
1733,4668,1,0.4,20
1734,4668,1,0.3,20
1736,4668,1,0.2,20
1737,4668,1,1.9,20
1739,4671,1,3.1,20
1740,4671,1,2.1,20
1741,4671,1,1.4,20
1742,4672,1,1.4,20
1743,4672,1,1.8,20
1744,4672,1,0.5,20
1745,4672,1,0.4,20
1747,4678,1,1.2,20
1748,4679,1,1.3,20
1749,4679,1,1.1,20
1750,4687,1,0,20
1751,4687,1,0.4,20
1752,4687,1,0.7,20
1753,4687,1,0.8,20
1754,4698,1,0.1,20
1755,4698,1,0.2,20
1756,4698,1,0.4,20
1757,4698,1,1,20
1758,4698,1,2.4,20
1759,4700,1,1.4,20
1760,4707,1,0.5,20
1761,4732,1,2.5,20
1762,4732,1,2.4,20
1763,4732,1,2.5,20
1764,4732,1,2.3,20
1765,4733,1,3.5,20
1766,4738,1,3.6,20
1769,4769,1,1.8,20
1770,4769,1,1.6,20
1771,4769,1,1.8,20
1772,4769,1,1.2,20
1773,4769,1,1.2,20
1775,4770,1,1.2,20
1779,4775,1,0.5,20
1781,4780,1,3.5,20
1782,4780,1,3.3,20
1783,4780,1,3.5,20
1785,4787,1,5.3,20
1786,4787,1,2.3,20
1787,4787,1,2.5,20
1788,4787,1,3.5,20
1791,4788,1,1.5,20
1792,4789,1,2.7,20
1793,4792,1,1.2,20
1795,4795,1,1.2,20
1796,4795,1,1.8,20
1797,4796,1,0.9,20
1798,4796,1,1.1,20
1800,4796,1,1.7,20
1801,4796,1,0.2,20
1802,4796,1,0.7,20
1803,4798,1,1.5,20
1804,4800,1,0,20
1805,4800,1,2.7,20
1807,4800,1,4.4,20
1809,4800,1,0.5,20
1810,4800,1,1.1,20
1811,4800,1,2.2,20
1812,4800,1,0.7,20
1813,4801,1,2.8,20
1814,4801,1,0.8,20
1815,4801,1,0.9,20
1816,4806,1,3.5,20
1817,4806,1,2.4,20
1818,4806,1,2.5,20
1820,4806,1,2.5,20
1821,4808,1,0.3,20
1822,4808,1,0.4,20
1823,4808,1,0.2,20
1824,4808,1,0.7,20
1825,4808,1,1.3,20
1826,4808,1,1.4,20
1827,4808,1,0.1,20
1828,4817,1,0.6,20
1829,4817,1,0.7,20
1834,4818,1,0.1,20
1835,4818,1,1.8,20
1836,4818,1,1.5,20
1837,4818,1,1.6,20
1838,4818,1,0.1,20
1839,4818,1,0.1,20
1840,4818,1,1.2,20
1842,4819,1,0.6,20
1844,4819,1,3,20
1845,4822,1,3.1,20
1846,4824,1,3.2,20
1847,4825,1,2.3,20
1848,4825,1,1.3,20
1849,4829,1,0.2,20
1850,4829,1,0.1,20
1851,4829,1,1.2,20
1852,4829,1,1.1,20
1853,4829,1,0.5,20
1854,4830,1,1.2,20
1855,4830,1,0.5,20
1856,4838,1,0.9,20
1857,4841,1,2.2,20
1858,4843,1,0.5,20
1859,4843,1,2,20
1888,4849,1,0.9,20
1895,4863,1,0.3,20
1896,4904,1,1.1,20
1897,4906,1,0.3,20
1898,4906,1,0.7,20
1899,4906,1,1.4,20
1900,4906,1,2.2,20
1902,4907,1,3.6,20
1903,4917,1,1.5,20
1904,4917,1,3.8,20
1905,4917,1,3.3,20
1906,4918,1,1.1,20
1907,4918,1,0.3,20
1908,4918,1,1.3,20
1909,4918,1,2.2,20
1910,4918,1,0.5,20
1911,4918,1,1.1,20
1912,4919,1,2.2,20
1913,4931,1,2.5,20
1914,4932,1,2.4,20
1915,4932,1,2.8,20
1916,4936,1,1.7,20
1917,4936,1,2.5,20
1920,4937,1,0.7,20
1921,4938,1,2.3,20
1922,4938,1,3.4,20
1923,4938,1,2.4,20
1924,4938,1,3.6,20
1926,4939,1,1,20
1927,4939,1,0.7,20
1928,4939,1,1.3,20
1929,4944,1,1.3,20
1930,4945,1,0.6,20
1931,4945,1,0.1,20
1932,4945,1,0.7,20
1933,4945,1,0.8,20
1934,4945,1,0.5,20
1935,4952,1,2,20
1936,4952,1,0.2,20
1937,4952,1,0.4,20
1938,4952,1,0.4,20
1939,4953,1,0.5,20
1940,4953,1,1,20
1941,4953,1,0.7,20
1942,4953,1,1.4,20
1943,4953,1,0.3,20
1944,4953,1,1.5,20
1945,4953,1,0,20
1946,4953,1,1.3,20
1947,4953,1,1.5,20
1948,4953,1,0.3,20
1949,4954,1,0,20
1950,4954,1,0.5,20
1951,4954,1,0.6,20
1952,4954,1,2,20
1953,4954,1,0.6,20
1954,4954,1,0.5,20
1955,4957,1,0.8,20
1956,4958,1,0.5,20
1957,4958,1,1,20
1958,4960,1,0.1,20
1959,4965,1,0.3,20
1960,4968,1,0.5,20
1961,4968,1,1.1,20
1971,4985,1,0.4,20
1974,4988,1,1.2,20
1975,4989,1,1.2,20
1976,4989,1,2.3,20
1977,4989,1,2,20
1978,4989,1,0.3,20
1979,4989,1,0.7,20
1980,4996,1,1.2,20
1981,4996,1,3.5,20
1982,4996,1,1.3,20
1983,4996,1,0.4,20
1984,4996,1,1,20
1985,5000,1,0.4,20
1986,5000,1,2.8,20
1987,5000,1,0.4,20
1988,5000,1,0.3,20
1989,5001,1,2.3,20
1990,5001,1,2.1,20
1991,5006,1,1.3,20
1992,5016,1,1.1,20
1993,5016,1,2.4,20
1994,5016,1,0.8,20
1996,5021,1,0.5,20
1998,5024,1,2.4,20
1999,5024,1,2.5,20
2000,5024,1,5.2,20
2001,5024,1,4.2,20
2002,5024,1,3.9,20
2005,5025,1,1.3,20
2006,5025,1,1,20
2008,5031,1,3.3,20
2009,5031,1,2.8,20
2010,5031,1,2.4,20
2013,5032,1,0.9,20
2014,5032,1,3.3,20
2015,5032,1,2.3,20
2023,5037,1,2.4,20
2024,5037,1,1.1,20
2038,5039,1,5,20
2040,5039,1,1.4,20
2049,5040,1,0.1,20
2084,5081,1,5.5,20
2085,5081,1,5.4,20
2089,5091,1,0.5,20
2090,5091,1,0.9,20
2091,5091,1,1.8,20
2092,5116,1,1.6,20
2093,5116,1,1.2,20
2094,5116,1,2,20
2095,5124,1,1.5,20
2096,5131,1,5,20
2097,5131,1,10,20
2098,5133,1,3.6,20
2099,5135,1,3.5,20
2100,5136,1,7,20
2101,5136,1,6.5,20
2102,5138,1,0,20
2103,5142,1,1.2,20
2104,5146,1,0.4,20
2105,5150,1,0.7,20
2106,5153,1,0.4,20
2107,5153,1,0.7,20
2108,5159,1,0.1,20
2109,5160,1,1,20
2110,5160,1,0.3,20
2111,5162,1,1.7,20
2112,5162,1,0.6,20
2113,5163,1,0.1,20
2114,5163,1,0,20
2115,5164,1,1.4,20
2118,5166,1,0.1,20
2119,5166,1,0.6,20
2120,5166,1,1.3,20
2121,5167,1,1.1,20
2122,5168,1,1.1,20
2123,5168,1,1.4,20
2127,5171,1,2.3,20
2128,5171,1,1.7,20
2129,5171,1,2.2,20
2130,5171,1,2.3,20
2131,5171,1,2.6,20
2134,5171,1,2.7,20
2136,5176,1,2.5,20
2137,5176,1,1.4,20
2139,5185,1,1.9,20
2140,5185,1,2.2,20
2143,5186,1,0.1,20
2144,5190,1,0.8,20
2146,5197,1,0.2,20
2147,5198,1,0.3,20
2148,5199,1,1.4,20
2149,5200,1,3.6,20
2150,5202,1,1.1,20
2151,5206,1,0.2,20
2152,5209,1,0.4,20
2153,5210,1,0.4,20
2154,5210,1,0.4,20
2155,5210,1,1.5,20
2156,5210,1,2.6,20
2157,5210,1,3.3,20
2158,5211,1,0.5,20
2159,5211,1,0.7,20
2160,5211,1,1.9,20
2161,5211,1,0.7,20
2162,5211,1,2.2,20
2164,5215,1,1.4,20
2165,5215,1,1.5,20
2168,5225,1,0.1,20
2169,5225,1,0,20
2170,5226,1,2.1,20
2171,5226,1,0.8,20
2172,5228,1,1.6,20
2174,5228,1,3.5,20
2176,5237,1,2.3,20
2188,5280,1,4.5,20
2189,5280,1,3.8,20
2187,5281,1,2.3,20
2190,5283,1,2.1,20
2191,5285,1,2.5,20
2192,5285,1,1.8,20
2194,5285,1,3.7,20
2195,5286,1,0.2,20
2200,5286,1,2.3,20
2209,5296,1,1.7,20
2210,5303,1,1.3,20
2211,5303,1,1.5,20
2212,5303,1,1.4,20
2213,5303,1,1.4,20
2215,5304,1,2.4,20
2217,5304,1,2.3,20
2218,5304,1,1.9,20
2219,5304,1,0.5,20
2220,5304,1,1.1,20
2221,5304,1,3.4,20
2223,5305,1,1.2,20
2224,5305,1,2.9,20
2226,5308,1,1.6,20
2227,5313,1,1.4,20
2228,5313,1,1.8,20
2229,5313,1,3.4,20
2230,5313,1,2.9,20
2231,5313,1,3.1,20
2232,5313,1,1.9,20
2233,5313,1,6,20
2235,5313,1,5.2,20
2236,5313,1,4.6,20
2237,5313,1,4,20
2238,5313,1,3.2,20
2258,5356,1,1.7,20
2259,5356,1,0.8,20
2260,5358,1,3.3,20
2261,5367,1,2.2,20
2262,5367,1,1.7,20
2263,5367,1,1.6,20
2264,5372,1,1.7,20
2265,5372,1,1.5,20
2266,5372,1,0.6,20
2270,5372,1,5.5,20
2271,5372,1,5.5,20
2272,5374,1,0.4,20
2273,5374,1,0.6,20
2279,5386,1,3,20
2280,5386,1,1.7,20
2281,5387,1,1.2,20
2282,5387,1,3.3,20
2283,5387,1,3.3,20
2286,5388,1,0.3,20
2287,5388,1,0.8,20
2300,5394,1,0.7,20
2301,5394,1,0.4,20
2302,5394,1,1.3,20
2311,5395,1,4.5,20
2312,5395,1,4.2,20
2313,5395,1,4,20
2320,5396,1,0,20
2331,5398,1,2.4,20
2241,5428,1,0.4,20
2242,5430,1,0.8,20
2243,5430,1,4.5,20
2244,5431,1,2.5,20
2245,5431,1,5,20
2246,5431,1,7,20
2247,5431,1,7.5,20
2248,5431,1,7,20
2249,5432,1,6,20
2251,5432,1,4.5,20
2252,5439,1,0.4,20
2253,5440,1,1.3,20
2387,5470,1,2.8,20
2389,5484,1,1.6,20
2390,5484,1,1.1,20
2398,5493,1,0.3,20
2399,5493,1,0.3,20
2400,5493,1,0.5,20
2401,5493,1,3.5,20
2402,5512,1,1.2,20
2403,5512,1,1.4,20
2405,5512,1,1.5,20
2406,5512,1,2,20
2407,5513,1,2.8,20
2409,5514,1,1.8,20
2410,5514,1,2.5,20
2411,5515,1,1.5,20
2412,5515,1,1.8,20
2413,5516,1,1.6,20
2414,5516,1,2.3,20
2416,5517,1,1.3,20
2418,5518,1,2,20
2419,5518,1,2.6,20
2420,5518,1,2.4,20
2421,5519,1,3.6,20
2422,5519,1,3.8,20
2423,5519,1,4.8,20
2424,5519,1,4.8,20
2425,5519,1,2.5,20
2426,5520,1,2.5,20
2427,5520,1,2.4,20
2428,5522,1,1.2,20
2429,5522,1,1.6,20
2430,5522,1,1.2,20
2433,5566,1,0.2,20
2434,5566,1,1.1,20
2435,5566,1,1.2,20
2437,5567,1,2.3,20
2438,5567,1,0.1,20
2439,5567,1,0.3,20
2440,5567,1,1.5,20
2441,5567,1,1.3,20
2442,5567,1,1.6,20
2443,5567,1,0.9,20
2444,5567,1,3.5,20
2445,5567,1,4.8,20
2446,5574,1,2.3,20
2447,5574,1,5.5,20
2448,5574,1,4,20
2449,5574,1,3.8,20
2451,5592,1,0.1,20
2452,5629,1,1.5,20
2453,5629,1,3.5,20
2454,5629,1,3.6,20
2455,5629,1,0.1,20
2456,5630,1,2.4,20
2457,5630,1,2.4,20
2458,5631,1,0.5,20
2459,5631,1,0.5,20
2460,5631,1,0.7,20
2461,5632,1,0.2,20
2462,5638,1,1.6,20
2463,5638,1,3.5,20
2464,5638,1,2.5,20
2465,5638,1,2.8,20
2466,5638,1,3.4,20
2467,5638,1,3.8,20
2468,5638,1,3.5,20
2469,5638,1,2.4,20
2470,5638,1,0.6,20
2471,5638,1,0.5,20
2472,5638,1,1.3,20
2473,5638,1,2.3,20
2474,5643,1,0.6,20
2475,5643,1,1.4,20
2476,5643,1,1.6,20
2477,5643,1,1.7,20
2478,5643,1,1.2,20
2479,5643,1,1.2,20
2480,5643,1,2.1,20
2481,5643,1,1.3,20
2482,5643,1,2.3,20
2483,5643,1,2.5,20
2484,5647,1,3.4,20
2485,5647,1,2.8,20
2486,5647,1,1.3,20
2487,5647,1,1.2,20
2488,5647,1,0.4,20
2489,5647,1,0.4,20
2490,5647,1,1.3,20
2491,5648,1,2.3,20
2492,5648,1,1.2,20
2493,5648,1,0.9,20
2494,5648,1,0.5,20
2495,5648,1,1,20
2496,5648,1,1.4,20
2497,5648,1,1.5,20
2498,5649,1,0.5,20
2499,5649,1,1.1,20
2500,5649,1,2.4,20
2501,5650,1,0.2,20
2502,5650,1,1.1,20
2503,5650,1,0.9,20
2505,5660,1,2.4,20
2506,5661,1,1.5,20
2507,5661,1,3,20
2508,5661,1,3,20
2509,5661,1,3,20
2510,5661,1,2.6,20
2511,5661,1,1.7,20
2512,5661,1,0.3,20
2513,5661,1,0,20
2524,5669,1,3.5,20
2525,5669,1,3.5,20
2526,5669,1,3.6,20
2527,5669,1,3.6,20
2528,5669,1,2.8,20
2529,5669,1,1.8,20
2530,5670,1,0.6,20
2531,5670,1,1.5,20
2532,5670,1,3.6,20
2533,5676,1,2.7,20
2534,5676,1,2.8,20
2535,5676,1,3.2,20
2537,5676,1,4.8,20
2538,5676,1,6,20
2539,5676,1,5.7,20
2540,5676,1,6.4,20
2541,5676,1,6.4,20
2542,5676,1,6.5,20
2543,5676,1,6,20
2544,5676,1,6,20
2545,5676,1,5.5,20
2546,5676,1,4.8,20
2547,5676,1,4.8,20
2548,5676,1,4.7,20
2549,5676,1,4.6,20
2550,5676,1,3.5,20
2551,5676,1,3.5,20
2552,5676,1,3,20
2554,5678,1,3.9,20
2555,5678,1,6.1,20
2556,5678,1,6.2,20
2558,5678,1,7.8,20
2559,5678,1,2.8,20
2560,5678,1,2.4,20
2561,5678,1,2.4,20
2562,5678,1,6.5,20
2563,5678,1,7,20
2564,5678,1,1.8,20
2565,5678,1,1.9,20
2566,5678,1,4.2,20
2567,5679,1,4.3,20
2568,5679,1,2,20
2569,5679,1,4.6,20
2570,5681,1,1.5,20
2603,5702,1,1.5,20
2604,5702,1,2.5,20
2605,5702,1,2.5,20
2606,5702,1,3,20
2607,5702,1,3.6,20
2608,5702,1,3.6,20
2609,5702,1,2.4,20
2610,5702,1,2.4,20
2611,5702,1,1.5,20
2612,5702,1,1.4,20
2613,5706,1,1.2,20
2614,5706,1,1,20
2615,5706,1,0.6,20
2616,5708,1,2.5,20
2617,5708,1,2.5,20
2618,5708,1,2,20
2619,5708,1,0.8,20
2620,5709,1,2.5,20
2621,5715,1,1.1,20
2622,5715,1,1.3,20
2623,5717,1,0.1,20
2624,5717,1,1.3,20
2625,5717,1,1.2,20
2626,5719,1,0,20
2627,5720,1,0.2,20
2628,5720,1,1.2,20
2629,5720,1,2.2,20
2630,5722,1,1.4,20
2631,5722,1,2.7,20
2632,5722,1,1.2,20
2633,5722,1,2.7,20
2634,5722,1,4.2,20
2635,5722,1,6,20
2636,5723,1,2,20
2637,5723,1,2.9,20
2638,5723,1,1,20
2639,5723,1,1,20
2668,5737,1,4.3,20
2669,5737,1,2.6,20
2670,5737,1,3.2,20
2671,5737,1,3.1,20
2672,5737,1,6,20
2673,5737,1,6,20
2674,5753,1,1.6,20
2675,5753,1,1.4,20
2676,5753,1,1.8,20
2677,5918,1,1,20
2678,5918,1,4.1,20
2679,5918,1,2.5,20
2680,5918,1,1.4,20
2681,5920,1,1.6,20
2682,5942,1,0.6,20
2683,5942,1,2,20
2684,5942,1,2.1,20
2685,5942,1,3.5,20
2686,5942,1,3.6,20
2687,5942,1,2.4,20
2688,5942,1,3.4,20
2689,5943,1,2.5,20
2690,5943,1,1.5,20
2691,5943,1,7.2,20
2692,5943,1,7,20
2693,6000,1,2.4,20
2694,6000,1,2,20
2695,6006,1,3,20
2696,6007,1,1.5,20
2697,6007,1,1.5,20
2698,6009,1,5.5,20
2699,6011,1,3.5,20
2700,6011,1,3.4,20
2701,6011,1,2.8,20
2702,6011,1,1.9,20
2703,6012,1,2.2,20
2704,6012,1,2.6,20
2705,6013,1,3.6,20
2706,6013,1,2.2,20
2707,6013,1,2.6,20
2708,6013,1,3.2,20
2709,6013,1,3.5,20
2710,6013,1,4.2,20
2711,6032,1,7,20
2712,6032,1,4.3,20
2713,6032,1,4.3,20
2714,6032,1,4.2,20
2715,6032,1,3.6,20
2716,6032,1,3,20
2717,6032,1,1.9,20
2718,6035,1,1,20
2719,6035,1,0.6,20
2720,6035,1,1.8,20
2721,6070,1,2.5,20
2723,6084,1,1,20
2724,6088,1,0.1,20
2725,6091,1,2.1,20
2726,6094,1,2.9,20
2727,6094,1,2.1,20
2728,6094,1,0.9,20
2729,6096,1,0.2,20
2730,6098,1,1.5,20
2731,6098,1,0.1,20
2732,6098,1,0.7,20
2733,6098,1,1.9,20
2734,6098,1,4.2,20
2735,6098,1,4.5,20
2736,6098,1,4.5,20
2737,6098,1,4,20
2738,6098,1,4.1,20
2739,6099,1,2.5,20
2740,6099,1,0.3,20
2741,6099,1,3.2,20
2742,6099,1,3.1,20
2743,6099,1,3,20
2744,6099,1,5,20
2745,6099,1,5,20
2746,6099,1,6,20
2748,6099,1,1.8,20
2749,6099,1,1.8,20
2750,6099,1,1.7,20
2752,6100,1,1.4,20
2753,6100,1,2,20
2754,6100,1,1,20
2755,6100,1,2.1,20
2756,6100,1,3.2,20
2757,6100,1,4,20
2758,6100,1,3.3,20
2759,6100,1,1.4,20
2760,6100,1,3,20
2761,6101,1,1.3,20
2762,6101,1,1.2,20
2763,6101,1,1.5,20
2764,6101,1,6,20
2765,6101,1,6,20
2766,6101,1,7,20
2767,6101,1,5.5,20
2768,6101,1,5,20
2769,6101,1,5,20
2770,6101,1,4.5,20
2773,6116,1,4.1,20
2774,6116,1,4,20
2775,6116,1,1.3,20
2776,6116,1,1.2,20
2777,6116,1,1.4,20
2781,6119,1,2.5,20
2782,6142,1,3.6,20
2784,6151,1,4.5,20
2786,6151,1,4.7,20
2789,6154,1,3.5,20
2790,6154,1,7.5,20
2791,6154,1,4.9,20
2792,6154,1,4.9,20
2805,6195,1,1.5,20
2806,6195,1,1.6,20
2807,6198,1,2.2,20
2808,6198,1,1.1,20
2809,6198,1,1.3,20
2810,6198,1,4,20
2811,6198,1,2.5,20
2812,6198,1,2,20
2813,6198,1,1,20
2814,6198,1,1.3,20
2815,6198,1,1.4,20
2816,6198,1,3.3,20
2818,6199,1,0.5,20
2819,6199,1,0.2,20
2820,6200,1,2.3,20
2821,6200,1,2,20
2822,6201,1,5.2,20
2823,6203,1,5.5,20
2824,6212,1,6.5,20
2825,6212,1,6.8,20
2826,6212,1,7.5,20
2827,6212,1,7.1,20
2828,6214,1,4.8,20
2829,6214,1,5,20
2831,6214,1,6.2,20
2832,6214,1,7.2,20
2833,6214,1,9,20
2834,6217,1,0.5,20
2836,6217,1,2.9,20
2837,6217,1,3,20
2838,6217,1,3.6,20
2839,6217,1,1.1,20
2840,6217,1,1,20
2841,6217,1,0.5,20
2842,6217,1,0.4,20
2843,6217,1,0.1,20
2844,6217,1,1,20
2845,6217,1,0.3,20
2846,6217,1,1.5,20
2847,6217,1,2.2,20
2848,6217,1,4.8,20
2850,6217,1,0.1,20
2852,6223,1,10,20
2853,6223,1,11.5,20
2854,6223,1,10,20
2855,6223,1,10,20
2862,6226,1,2.4,20
2863,6226,1,1.2,20
2864,6226,1,2,20
2865,6226,1,2.5,20
2866,6226,1,2.5,20
2867,6226,1,3.7,20
2868,6226,1,2.8,20
2869,6227,1,0.9,20
2870,6227,1,0.8,20
2871,6227,1,1.2,20
2872,6227,1,1.5,20
2873,6227,1,2.3,20
2874,6227,1,2.5,20
2875,6227,1,5.9,20
2876,6227,1,5.9,20
2877,6227,1,5.8,20
2882,6227,1,3.3,20
2883,6227,1,1.4,20
2884,6230,1,3.5,20
2885,6230,1,3.5,20
2886,6230,1,3.7,20
2887,6230,1,3.3,20
2888,6230,1,3.3,20
2889,6232,1,1.1,20
2890,6232,1,1.2,20
2891,6232,1,1.3,20
2892,6232,1,0.5,20
2893,6246,1,4.1,20
2894,6247,1,0.2,20
2895,6252,1,1.2,20
2896,6252,1,1.3,20
2897,6262,1,2.4,20
2898,6263,1,1.2,20
2899,6275,1,0.2,20
2900,6276,1,2.3,20
2901,6276,1,3.5,20
2902,6276,1,2,20
2903,6276,1,3.7,20
2904,6277,1,1.4,20
2905,6277,1,1.5,20
2906,6279,1,2.5,20
2907,6279,1,4.7,20
2908,6279,1,6.2,20
2909,6279,1,7.2,20
2910,6279,1,8.4,20
2911,6279,1,1.2,20
2912,6279,1,1.3,20
2913,6279,1,2.7,20
2914,6279,1,1,20
2915,6279,1,0.2,20
2916,6287,1,0.8,20
2917,6287,1,0.9,20
2918,6287,1,1.3,20
2919,6287,1,4.9,20
2920,6287,1,3.7,20
2921,6287,1,1.8,20
2922,6287,1,5,20
2923,6288,1,4.5,20
2924,6288,1,2.2,20
2927,6294,1,1,20
2929,6294,1,2.2,20
2930,6294,1,3.9,20
2931,6295,1,1.1,20
2932,6295,1,0.9,20
3010,6313,1,3.3,20
3011,6322,1,2.8,20
3012,6322,1,2.7,20
3013,6322,1,2.5,20
3014,6343,1,1.2,20
3015,6343,1,1.9,20
3016,6343,1,0.5,20
3017,6343,1,0.4,20
3018,6343,1,0.5,20
3019,6343,1,0.6,20
3020,6343,1,0.9,20
3021,6343,1,0.7,20
3022,6343,1,1.1,20
3023,6343,1,1.6,20
3024,6343,1,0.2,20
3025,6343,1,2,20
3026,6343,1,2.3,20
3027,6343,1,3.3,20
3028,6343,1,3.9,20
3029,6343,1,3.8,20
3030,6343,1,4.8,20
3031,6343,1,1.2,20
3032,6343,1,4,20
3033,6343,1,5.2,20
3034,6344,1,3.2,20
3035,6344,1,3.1,20
3037,6347,1,3.8,20
3038,6347,1,0.6,20
3039,6347,1,2.1,20
3040,6347,1,1.6,20
3041,6347,1,1.6,20
3042,6347,1,2.1,20
3043,6348,1,4,20
3044,6348,1,3.8,20
3045,6348,1,4.4,20
3046,6348,1,5.4,20
3047,6348,1,5,20
3048,6348,1,0.9,20
3049,6348,1,1.3,20
3050,6348,1,2.6,20
3109,6485,1,0.5,20
3110,6493,1,1.7,20
3111,6493,1,4,20
3122,6500,1,3.4,20
3148,6530,1,0.1,20
3155,6660,1,1.2,20
3156,6660,1,1.3,20
3159,6664,1,6,20
3160,6664,1,3.8,20
3161,6664,1,2.8,20
3162,6664,1,2.6,20
3163,6666,1,2.3,20
3164,6667,1,1,20
3165,6667,1,1.4,20
2514,0,1,0.2,20
1746,0,1,1.1,20
973,0,1,4.5,20
723,0,1,1.9,20
724,0,1,0.8,20
1221,0,1,2.1,20
1222,0,1,0.1,20
967,0,1,2.8,20
968,0,1,3.4,20
965,0,1,2.7,20
966,0,1,2.5,20
971,0,1,0.5,20
972,0,1,0.7,20
969,0,1,2.5,20
1503,0,1,0.5,20
970,0,1,0.9,20
1504,0,1,1.3,20
1501,0,1,2.9,20
1502,0,1,3.2,20
1507,0,1,0,20
2779,0,1,4.9,20
1508,0,1,1.5,20
2780,0,1,7.4,20
2007,0,1,15,20
1505,0,1,1.8,20
1239,0,1,0.7,20
2778,0,1,4.8,20
1237,0,1,0.1,20
725,0,1,0.9,20
1499,0,1,2,20
1500,0,1,2.5,20
1263,0,1,2.7,20
1498,0,1,3.3,20
1262,0,1,3.4,20
1777,0,1,0.2,20
1778,0,1,0.8,20
1767,0,1,4.7,20
1255,0,1,2.1,20
1511,0,1,1.5,20
1512,0,1,3.2,20
1254,0,1,3.1,20
1509,0,1,1.1,20
1510,0,1,1.2,20
487,0,1,1,20
1515,0,1,2.2,20
2025,0,1,1.6,20
1513,0,1,3.2,20
486,0,1,0.2,20
1514,0,1,2.9,20
1790,0,1,0.8,20
1784,0,1,5.8,20
1016,0,1,2,20
1019,0,1,1.7,20
1017,0,1,1.8,20
1018,0,1,1.8,20
142,0,1,1,20
1417,0,1,2.4,20
927,0,1,1.4,20
928,0,1,0.8,20
926,0,1,3.5,20
163,0,1,1,20
164,0,1,0.4,20
419,0,1,2,20
420,0,1,2.1,20
923,0,1,1.7,20
924,0,1,1.7,20
176,0,1,0.4,20
1969,0,1,0.4,20
691,0,1,11,20
1963,0,1,1,20
2239,0,1,1.9,20
1964,0,1,2.5,20
434,0,1,0.4,20
423,0,1,1.2,20
424,0,1,0.4,20
1962,0,1,1.1,20
421,0,1,1.3,20
422,0,1,0.4,20
427,0,1,0.9,20
963,0,1,4,20
964,0,1,2.6,20
1205,0,1,0.1,20
2640,0,1,2.4,20
439,0,1,0.9,20
440,0,1,1.3,20
2126,0,1,1.5,20
438,0,1,0.5,20
2641,0,1,0.5,20
1872,0,1,1.3,20
443,0,1,2,20
441,0,1,0.4,20
442,0,1,2.9,20
3167,0,1,2.5,20
3168,0,1,1.2,20
2124,0,1,1.1,20
3166,0,1,2.5,20
2141,0,1,1.5,20
2142,0,1,0,20
1120,0,1,4,20
3157,0,1,1.6,20
3158,0,1,1.2,20
1636,0,1,1.4,20
329,0,1,0.1,20
863,0,1,1.1,20
2135,0,1,1.2,20
330,0,1,0.4,20
864,0,1,1.6,20
1121,0,1,3.2,20
865,0,1,0.8,20
866,0,1,1.2,20
341,0,1,1.3,20
2163,0,1,2.9,20
2408,0,1,1.2,20
1637,0,1,1.9,20
1894,0,1,2,20
1919,0,1,0.4,20
361,0,1,4.8,20
1299,0,1,1.4,20
269,0,1,2.4,20
517,0,1,1.9,20
1312,0,1,0.3,20
1313,0,1,0,20
3098,0,1,0.5,20
1314,0,1,1.6,20
289,0,1,1.6,20
534,0,1,3.2,20
2861,0,1,16,20
537,0,1,4.2,20
559,0,1,0.1,20
560,0,1,0,20
2856,0,1,13,20
558,0,1,1,20
48,0,1,7,20
2859,0,1,15,20
1831,0,1,1.1,20
301,0,1,1.7,20
2860,0,1,15,20
1832,0,1,2.5,20
2857,0,1,13.5,20
1319,0,1,1.1,20
2858,0,1,15,20
1830,0,1,1,20
49,0,1,6.5,20
50,0,1,6,20
2879,0,1,5.6,20
2880,0,1,5.5,20
1833,0,1,1.6,20
2878,0,1,5.7,20
299,0,1,1.6,20
2881,0,1,2.5,20
575,0,1,1.3,20
300,0,1,0,20
573,0,1,1.7,20
574,0,1,1.6,20
568,0,1,0.5,20
321,0,1,3.8,20
571,0,1,0.7,20
572,0,1,1.4,20
569,0,1,0,20
570,0,1,0.4,20
2515,0,1,0,20
2516,0,1,1,20
